,,Ingresos (basado en EPH),Ingresos (basado en EPH),Ingresos (basado en EPH),Ingresos (basado en EPH)
,,25%,mediana,75%,electores
area_0,area_1,,,,
Resto 1a Seccion,general la madrid,6790,10500,14600,9500
Resto 1a Seccion,general las heras,7080,11540,17230,12900
Resto 1a Seccion,navarro,6580,10110,16130,14500
Resto 1a Seccion,suipacha,6510,10560,17020,9200
Resto 2a Seccion,capitan sarmiento,6510,11320,17180,12500
Resto 2a Seccion,carmen de areco,6590,10830,16600,12300
Resto 2a Seccion,rojas,6650,10830,16750,20300
Resto 2a Seccion,san andres de giles,6330,10360,16080,19300
Resto 2a Seccion,san antonio de areco,6850,11090,16620,19800
Resto 3a Seccion,ayacucho,6170,10880,16740,17400
Resto 3a Seccion,magdalena,6690,10800,16320,14900
Resto 3a Seccion,punta indio,7500,11730,17460,9500
Resto 4a Seccion,alberti,6600,11550,16860,9000
Resto 4a Seccion,carlos casares,6790,11390,16730,18500
Resto 4a Seccion,carlos tejedor,5800,10660,15570,9800
Resto 4a Seccion,florentino ameghino,6760,10090,16720,8000
Resto 4a Seccion,general arenales,6680,10800,15810,14600
Resto 4a Seccion,general pinto,6230,9730,15840,9700
Resto 4a Seccion,general viamonte,6640,11160,17250,15700
Resto 4a Seccion,hipolito yrigoyen,6320,10780,16860,8000
Resto 4a Seccion,leandro n. alem,6350,10550,16060,14400
Resto 4a Seccion,rivadavia,5820,10480,16350,14000
Resto 5a Seccion,castelli,6540,11210,16940,7600
Resto 5a Seccion,general belgrano,6690,11050,16250,15900
Resto 5a Seccion,general guido,4470,9090,14110,2400
Resto 5a Seccion,general juan madariaga,7120,11550,17150,17700
Resto 5a Seccion,general lavalle,5610,9660,16080,3800
Resto 5a Seccion,general paz,6350,10520,16470,10500
Resto 5a Seccion,loberia,6070,11090,16740,14300
Resto 5a Seccion,maipu,6030,10670,16020,9900
Resto 5a Seccion,monte,6430,10480,16840,18600
Resto 5a Seccion,pila,6660,11440,17450,3100
Resto 5a Seccion,rauch,6510,11310,17450,13600
Resto 5a Seccion,san cayetano,6380,11270,16980,7200
Resto 5a Seccion,tordillo,6270,11980,15560,1500
Resto 6a Seccion,adolfo alsina,6930,11630,17160,14300
Resto 6a Seccion,adolfo gonzales chaves,6570,10710,16380,10500
Resto 6a Seccion,benito juarez,6330,10940,16620,16900
Resto 6a Seccion,coronel de marina l. rosales,6520,12500,18730,19900
Resto 6a Seccion,coronel dorrego,6600,11240,17520,13800
Resto 6a Seccion,coronel pringles,6210,11310,17440,19600
Resto 6a Seccion,daireaux,6540,10680,16720,14500
Resto 6a Seccion,guamini,7010,11510,17450,9800
Resto 6a Seccion,laprida,6290,10970,16590,9400
Resto 6a Seccion,monte hermoso,6960,12000,18000,7800
Resto 6a Seccion,pellegrini,6880,12000,16710,5100
Resto 6a Seccion,puan,7200,11560,16620,14400
Resto 6a Seccion,saavedra,7060,12230,17930,18300
Resto 6a Seccion,salliquelo,6580,11270,17210,7800
Resto 6a Seccion,tornquist,7120,11720,17650,12400
Resto 6a Seccion,tres lomas,6270,11180,15410,6600
Resto 7a Seccion,general alvear,6380,11510,16500,8500
Resto 7a Seccion,roque perez,6390,10880,16140,10300
Resto 7a Seccion,tapalque,5670,9920,16060,8400
almirante brown,00017,8690,14720,23530,25300
almirante brown,00018,7190,11610,17140,31300
almirante brown,00019,6940,10990,16110,96600
almirante brown,00020,7280,12010,17770,33800
almirante brown,00021,6380,10490,15810,54800
almirante brown,00022,6130,10540,15680,40800
almirante brown,0018A,6080,9340,13740,52000
almirante brown,0020A,6410,9720,14540,26500
almirante brown,0021A,6030,9390,13500,13200
almirante brown,0022A,6540,10390,15230,53000
almirante brown,0022B,7450,11090,15520,15600
avellaneda,00023,8580,14220,19720,17000
avellaneda,00024,7490,12840,18160,10400
avellaneda,00025,6210,10860,17100,11300
avellaneda,00026,5250,8760,12590,5200
avellaneda,00027,6490,10520,16010,23800
avellaneda,00030,8610,13240,18450,6100
avellaneda,00031,7190,11870,16660,2500
avellaneda,00032,6730,11270,16390,4200
avellaneda,00033,8850,13480,18690,11900
avellaneda,00034,8030,12400,17820,22200
avellaneda,00037,7450,12240,17700,21400
avellaneda,00038,7400,11800,17230,37900
avellaneda,00039,7090,11160,16480,55800
avellaneda,00040,7670,12620,18040,70600
azul,00060,6580,11580,17540,49900
azul,00061,7250,11210,13140,100
azul,00062,7060,10500,16060,3000
azul,00063,9580,12840,16100,0
azul,00064,17890,17890,17890,0
azul,00065,11130,13120,15550,0
azul,00066,8780,10960,19980,100
azul,00067,6570,11050,16180,3200
azul,00068,4280,8460,14770,0
azul,00069,14560,15730,16900,0
azul,0062A,2820,8950,14080,100
azul,0062B,8110,8300,13620,100
bahia blanca,00072,8250,14460,19920,10600
bahia blanca,00073,7120,12510,19110,29600
bahia blanca,00074,5750,11180,17120,19900
bahia blanca,00075,5900,11430,18220,8700
bahia blanca,00076,6290,11390,17300,36800
bahia blanca,00077,6440,11390,17940,3800
bahia blanca,00078,7600,13490,20290,5000
bahia blanca,00079,7330,11760,17620,5700
bahia blanca,00080,6890,11190,15760,2200
bahia blanca,00083,8770,15170,24330,12200
bahia blanca,00084,8710,14320,20840,11200
bahia blanca,00085,7250,13110,19720,26500
bahia blanca,00086,6610,12500,18230,23500
bahia blanca,00087,6690,11230,17090,16900
bahia blanca,00088,6350,10750,15600,5800
bahia blanca,00089,7600,14080,22700,8500
bahia blanca,00090,2330,2710,12850,0
bahia blanca,00091,5950,9620,13910,11000
bahia blanca,00092,6490,10990,16670,9800
bahia blanca,00093,6550,10810,16810,4400
balcarce,00098,6060,10780,17240,36900
balcarce,00099,820,8660,11400,600
balcarce,00100,8230,11290,19610,300
balcarce,00101,7840,9540,13170,500
balcarce,00102,13660,17430,24900,200
balcarce,00103,7490,14020,18200,200
balcarce,00104,8670,13130,23170,200
balcarce,0103A,5100,9960,16910,300
baradero,00105,5900,10680,16950,23600
baradero,00106,6630,11770,16670,400
baradero,00107,4160,8380,14730,2400
baradero,00108,190,12680,13750,100
baradero,00109,11550,13100,13810,0
baradero,00110,5840,8720,11750,500
baradero,00111,6030,8860,12660,200
baradero,00113,6200,9800,13770,1200
baradero,00114,5350,9250,13570,0
bartolome mitre,00117,6500,10730,16450,23100
bartolome mitre,00118,6360,11660,17240,600
bartolome mitre,00120,7890,8740,17690,500
bartolome mitre,0117A,10480,14210,16900,100
bartolome mitre,0117B,2660,11010,14340,100
berazategui,00789,6600,11190,16370,45900
berazategui,00790,6730,11910,18130,20500
berazategui,00792,6450,10770,16700,22600
berazategui,0789A,6030,10730,16360,29300
berazategui,0789B,6940,11970,17490,15600
berazategui,0789C,7520,12740,18700,18200
berazategui,0789D,5850,10140,15430,17900
berazategui,0789E,6660,11920,17320,15400
berazategui,0789F,8020,12960,18470,12600
berazategui,0790A,5950,10310,15500,9500
berazategui,0792A,6900,10550,15770,14800
berazategui,0792B,6250,10420,15610,8900
berazategui,0792C,6570,10420,15490,14600
berazategui,0792D,5720,10180,16100,14700
berisso,00511,5950,10510,16200,5800
berisso,00512,6330,10860,16040,22300
berisso,00513,6700,11280,16390,29100
berisso,0513A,6440,10500,16510,20900
bolivar,00125,6630,11720,17930,25800
bolivar,00126,4590,9280,13720,0
bolivar,00127,7380,10320,16790,300
bolivar,00128,4440,5610,7760,100
bolivar,00129,10270,13780,17450,100
bolivar,00130,15900,15900,15900,0
bolivar,00131,7050,11300,16490,100
bolivar,00132,6490,10290,14170,2500
bolivar,00133,6080,9860,14620,1400
bolivar,0125A,8190,12200,17670,0
bolivar,0131A,7290,8990,12540,100
bragado,00136,6300,11570,17840,31000
bragado,00137,7450,10820,16370,1100
bragado,00138,9560,10970,13000,100
bragado,00139,8720,9990,11260,0
bragado,00140,6280,9650,13720,600
bragado,00141,6210,8420,10920,200
bragado,00142,6240,6240,9930,100
bragado,00143,5770,9710,14250,2200
bragado,00144,4740,9670,14390,400
bragado,00145,5330,9070,14250,400
brandsen,00148,6220,10770,16230,19200
brandsen,00149,7820,16730,23550,200
brandsen,00150,7110,10130,14620,2100
brandsen,00151,5040,9290,14320,900
brandsen,00152,6530,12290,17920,300
brandsen,00153,8210,9910,11320,300
brandsen,0153A,7470,8570,11860,200
campana,00155,8080,13500,19200,21100
campana,00156,5360,8890,13490,14100
campana,0155A,7190,12500,18830,17100
campana,0156A,6600,11190,16560,15300
campana,0156B,6440,10030,15980,11200
canuelas,00157,6480,11090,17240,29200
canuelas,00158,7110,11280,16490,3200
canuelas,00159,6490,9430,14430,1200
canuelas,00160,7270,9490,11830,100
canuelas,00161,8300,8300,8300,0
canuelas,00162,5460,7630,13790,200
canuelas,0158A,4860,9060,13480,5800
canuelas,0158B,5220,8950,13380,4000
chacabuco,00189,6620,10950,16740,37400
chacabuco,00190,6850,12550,19280,1200
chacabuco,00191,4970,8780,11850,100
chacabuco,00192,11570,12460,12620,0
chacabuco,00193,9520,12130,18470,100
chacabuco,00194,1800,8140,19420,100
chacabuco,00195,6080,11930,14140,100
chacabuco,00196,6950,12940,18900,100
chacabuco,00197,6180,9460,13130,1900
chacabuco,00198,7460,10620,14230,600
chacabuco,0196A,8320,12920,17480,100
chascomus,00201,6600,11400,17170,28400
chascomus,00202,4590,13840,20360,700
chascomus,00203,5250,8670,15260,3000
chascomus,00204,6910,12740,13770,200
chascomus,00205,8640,12180,17050,100
chascomus,00206,9780,16730,20210,100
chascomus,00208,320,3900,7640,0
chascomus,00209,7760,16440,21480,200
chascomus,0207L,5690,12120,17970,4800
chascomus,0209A,7210,7210,7210,0
chivilcoy,00211,6920,11530,17410,53800
chivilcoy,00212,9320,12060,13560,100
chivilcoy,00213,18140,18140,18140,0
chivilcoy,00214,11770,12600,13430,0
chivilcoy,00215,6960,11130,27490,100
chivilcoy,00216,7820,8340,10400,200
chivilcoy,00217,4390,4390,4390,0
chivilcoy,00218,8950,13380,16830,400
chivilcoy,00219,14230,14540,33910,100
chivilcoy,00220,6740,10660,12650,200
chivilcoy,00221,7860,10660,15320,200
chivilcoy,00222,6660,11110,14260,2200
chivilcoy,00223,43050,74960,106880,0
chivilcoy,00224,8480,9900,12470,300
chivilcoy,00225,22880,39030,55170,0
chivilcoy,00226,12010,12350,14850,100
colon,00230,6440,10310,16700,19900
colon,00231,9050,12570,16470,200
colon,0230A,7700,11690,16530,100
colon,0231A,10390,11640,14420,200
comuna 01,00001,9430,14450,23540,10500
comuna 01,00002,11590,16680,23730,10000
comuna 01,00003,5660,9080,12660,2200
comuna 01,00005,6050,9410,13250,8000
comuna 01,00006,10300,16070,24370,15800
comuna 01,00007,16660,16660,36560,8100
comuna 01,00008,17350,17350,17350,8800
comuna 01,00009,9040,16170,29500,11400
comuna 01,00010,6050,10830,21750,11800
comuna 01,00011,10760,17400,25830,12400
comuna 01,00012,8610,13240,17670,11200
comuna 01,00013,10610,16060,23200,12500
comuna 01,00014,9560,14520,18900,5100
comuna 01,00015,11370,15160,23190,8500
comuna 01,00016,8180,14470,21920,8300
comuna 01,00017,9590,14720,21430,12100
comuna 01,00018,8090,15030,22110,7500
comuna 01,00019,8500,13230,19460,11200
comuna 02,00020,8170,12300,19780,7700
comuna 02,00021,12890,17630,27630,13600
comuna 02,00022,8970,15600,24790,15900
comuna 02,00023,11210,17750,28440,20300
comuna 02,00024,11240,18590,27240,13300
comuna 02,00025,11020,20330,31650,12900
comuna 02,00026,6810,13660,19130,16900
comuna 02,00027,6730,15320,21230,12900
comuna 02,00028,11710,16230,26770,18000
comuna 02,00029,11100,16420,25540,12000
comuna 03,00030,10320,15190,23400,11500
comuna 03,00031,7500,13470,18750,12700
comuna 03,00032,11230,18000,24030,11000
comuna 03,00033,10120,15130,20640,9300
comuna 03,00034,11830,19030,22750,13900
comuna 03,00035,9140,14320,21070,12900
comuna 03,00036,9580,13990,19960,8500
comuna 03,00037,8980,15270,22750,11200
comuna 03,00038,8590,13970,20550,12800
comuna 03,00039,11940,17510,23220,13400
comuna 03,00040,7940,14580,22270,9100
comuna 03,00041,9170,14500,20940,17800
comuna 03,00042,8970,14730,21170,16000
comuna 04,00043,8680,13970,20770,12200
comuna 04,00044,8680,14250,20690,9100
comuna 04,00045,9050,13770,19080,7000
comuna 04,00046,9030,15160,21590,6000
comuna 04,00047,5880,9300,13180,14700
comuna 04,00048,8190,13100,20270,14600
comuna 04,00049,8290,13370,18960,12300
comuna 04,00050,9610,15300,24780,14100
comuna 04,00051,8840,13610,19870,10200
comuna 04,00052,8300,13130,19280,11800
comuna 04,00053,6910,12170,18410,14400
comuna 04,00054,8620,14850,20460,14800
comuna 04,00055,7730,12580,17710,9700
comuna 04,00056,7760,12260,18410,8900
comuna 04,00057,8630,13860,19860,18500
comuna 05,00058,9450,14330,20580,14400
comuna 05,00059,9040,14820,21580,13300
comuna 05,00060,10280,15990,22820,15700
comuna 05,00061,9680,15770,24230,15200
comuna 05,00062,8990,15130,21500,10200
comuna 05,00063,8980,14660,23240,20400
comuna 05,00064,10870,15510,22450,22300
comuna 05,00065,9430,15190,22860,13900
comuna 05,00066,10470,15540,24180,13300
comuna 05,00067,9080,14920,21670,20700
comuna 06,00068,10430,15610,26970,20100
comuna 06,00069,9390,15800,24230,29300
comuna 06,00070,9660,15170,23400,26200
comuna 06,00071,9970,16440,24750,31200
comuna 06,00072,8440,14330,22100,13500
comuna 06,00073,9210,14980,23410,17500
comuna 06,00074,9590,14750,24320,23600
comuna 07,00075,9430,14600,22570,10300
comuna 07,00076,9560,14690,21320,16200
comuna 07,00077,8770,14030,20470,13500
comuna 07,00078,8930,13990,20270,10800
comuna 07,00079,9270,14750,21540,14300
comuna 07,00080,9170,14560,21400,13100
comuna 07,00081,8470,14530,22260,12500
comuna 07,00082,9400,14410,21230,14800
comuna 07,00083,10390,16500,23070,21300
comuna 07,00084,9090,14130,19220,10900
comuna 07,00085,9490,14490,22350,8000
comuna 07,00086,7060,11410,16130,28700
comuna 08,00087,6660,10820,15990,30100
comuna 08,00088,9100,13780,19760,16100
comuna 08,00089,6670,11060,16120,47000
comuna 08,00090,6460,10820,16080,45900
comuna 09,00091,5920,10240,14490,8800
comuna 09,00092,8640,13720,19560,13600
comuna 09,00093,8580,13850,20160,8400
comuna 09,00094,9520,14710,20920,11000
comuna 09,00095,9480,14480,20810,17300
comuna 09,00096,7850,12940,18800,11900
comuna 09,00097,8310,13800,18480,11900
comuna 09,00098,8570,14120,20720,22100
comuna 09,00099,9400,14740,20320,11000
comuna 09,00100,9160,14360,21200,13900
comuna 09,00101,8700,13390,19950,17100
comuna 10,00102,8920,14430,22770,13200
comuna 10,00103,9920,14700,20500,12800
comuna 10,00104,9460,14050,20340,12300
comuna 10,00105,9520,14460,21600,18700
comuna 10,00106,8170,13650,20250,11400
comuna 10,00107,8190,13860,20900,19100
comuna 10,00108,8880,14600,21710,12100
comuna 10,00109,9180,14600,20890,19300
comuna 10,00110,8910,14180,21360,10200
comuna 10,00111,8360,13710,21680,11900
comuna 10,00112,8410,13780,20540,8500
comuna 11,00113,8700,14040,20750,12900
comuna 11,00114,9330,14470,20780,16900
comuna 11,00115,9220,14460,20920,12300
comuna 11,00116,9680,14920,21230,17500
comuna 11,00117,8910,14230,21020,18400
comuna 11,00118,9360,15110,22700,14500
comuna 11,00119,9120,14660,21850,18100
comuna 11,00120,8780,15000,22530,19200
comuna 11,00121,8320,14060,20360,15500
comuna 11,00122,8950,15070,24340,13800
comuna 11,00123,9320,15030,21900,14400
comuna 12,00124,8660,14440,22030,16200
comuna 12,00125,9100,14610,21420,21500
comuna 12,00126,8850,14610,21480,17900
comuna 12,00127,9270,15740,22750,24000
comuna 12,00128,9640,14920,21910,19500
comuna 12,00129,9530,15340,24310,25400
comuna 12,00130,10150,15580,23860,17700
comuna 12,00131,9590,15370,20900,5700
comuna 12,00132,8810,14060,21840,20200
comuna 12,00133,8870,14810,23000,20600
comuna 13,00134,9390,15610,25000,8800
comuna 13,00135,9520,15190,23680,11700
comuna 13,00136,9850,17610,27810,14700
comuna 13,00137,9790,15700,23590,14000
comuna 13,00138,10830,16640,26410,29000
comuna 13,00139,11550,18780,27220,18400
comuna 13,00140,9800,14650,21050,8500
comuna 13,00141,9620,16020,25790,14600
comuna 13,00142,11970,21910,39540,24700
comuna 13,00143,10790,16930,27250,18300
comuna 13,00144,11240,18400,33620,8100
comuna 13,00145,10300,15960,25210,15300
comuna 13,00146,10660,15300,25350,11700
comuna 13,00147,10330,18890,26030,21000
comuna 14,00148,11240,18020,30770,22700
comuna 14,00149,8940,15520,23470,25400
comuna 14,00150,13930,22540,46040,13200
comuna 14,00151,10390,18180,29190,26500
comuna 14,00152,11190,16410,30200,20600
comuna 14,00153,11250,17000,27280,24400
comuna 14,00154,8950,16460,24190,27500
comuna 14,00155,9720,15300,24180,24100
comuna 14,00156,9360,14690,25340,10000
comuna 14,00157,10120,16430,24820,16400
comuna 15,00158,10180,15570,22680,20000
comuna 15,00159,8980,15330,21230,12200
comuna 15,00160,9840,15150,22000,23500
comuna 15,00161,9310,14730,22370,20400
comuna 15,00162,8530,13590,19640,17100
comuna 15,00163,8800,15050,22180,12400
comuna 15,00164,8270,12480,19210,11900
comuna 15,00165,10250,15720,23430,19900
comuna 15,00166,9410,14840,21600,16300
comuna 15,00167,8890,14530,21340,13000
coronel suarez,00252,6900,11980,17510,22600
coronel suarez,00253,6470,10020,14170,1700
coronel suarez,00254,7220,10940,15660,4400
coronel suarez,00255,7680,10210,12470,0
coronel suarez,00256,7790,10040,12530,0
coronel suarez,00257,750,750,750,0
coronel suarez,00258,10260,11930,14560,200
coronel suarez,0255A,3730,6890,10050,0
coronel suarez,0256A,8650,12780,17480,200
coronel suarez,0258A,6900,10570,14890,2100
coronel suarez,0258B,5940,11140,15330,1700
coronel suarez,0258C,6550,8570,11760,200
dolores,00282,6210,10750,16830,23800
dolores,00283,8130,13220,13990,100
dolores,00285,4030,8110,17880,200
ensenada,00490,6390,10680,17070,11800
ensenada,00491,6440,11330,16950,31800
ensenada,00492,6680,8260,14940,200
ensenada,0491A,5690,9050,14860,9300
escobar,00773,6650,10410,15800,22700
escobar,00774,7180,11470,17970,54600
escobar,00775,6650,11780,18630,17000
escobar,0773A,6550,10410,15360,62900
escobar,0773B,7010,10350,14710,21200
escobar,0775A,8940,30930,53140,100
esteban echeverria,00286,6380,9420,12860,3700
esteban echeverria,00287,6540,10450,15660,22400
esteban echeverria,00288,7710,12830,19430,36600
esteban echeverria,00291,7390,12060,17990,14900
esteban echeverria,0286A,5840,9170,13220,33800
esteban echeverria,0287A,6900,10770,15560,16700
esteban echeverria,0287B,7210,12650,21970,4700
esteban echeverria,0287C,6050,9930,14550,14200
esteban echeverria,0287D,5790,9310,14100,20800
esteban echeverria,0288A,7590,12960,20560,18900
esteban echeverria,0288B,5440,9660,14300,28100
esteban echeverria,0291A,6730,10810,15490,20500
exaltacion de la cruz,00292,6680,11830,18040,10400
exaltacion de la cruz,00293,6560,10150,16790,10000
exaltacion de la cruz,00294,7050,11580,18370,2000
exaltacion de la cruz,00295,7300,11420,19100,4500
exaltacion de la cruz,00296,6300,8320,14960,400
exaltacion de la cruz,00297,8370,9630,14340,500
exaltacion de la cruz,00298,6500,13510,16810,300
ezeiza,00289,6920,11240,16520,47500
ezeiza,00290,6030,9630,14230,31300
ezeiza,0290A,6390,9920,14560,30800
florencio varela,00302,6190,10430,15590,117500
florencio varela,00303,6640,9700,13880,4000
florencio varela,0302A,5800,9110,13170,39900
florencio varela,0302B,5270,8660,13660,23200
florencio varela,0302C,6050,10140,14650,31800
florencio varela,0302D,6030,9490,14190,17400
florencio varela,0302E,5430,8800,13470,46800
florencio varela,0302F,6080,9340,13530,5500
florencio varela,0303A,5380,9360,14260,8700
florencio varela,0303B,6240,9430,13510,24900
general alvarado,00305,6360,11500,17620,26900
general alvarado,00306,5900,9930,15540,6000
general alvarado,00307,6550,10200,16080,1500
general alvarado,00308,8020,14210,20220,600
general alvarado,00309,8270,12360,19620,100
general pueyrredon,00364,7290,12390,18180,135500
general pueyrredon,00365,6790,11610,17490,119500
general pueyrredon,00366,9680,15440,24550,88500
general pueyrredon,00367,8830,14510,21720,72500
general pueyrredon,00368,6170,10140,14930,21700
general pueyrredon,00369,6760,10730,17210,6200
general pueyrredon,00370,6380,10130,15980,58200
general pueyrredon,0366A,8790,13860,19780,60900
general rodriguez,00374,6210,10070,15350,75300
general san martin,00376,8690,13850,19790,32700
general san martin,00377,7740,13060,19310,36000
general san martin,00378,7270,12340,18070,33300
general san martin,00379,8270,13710,18520,22100
general san martin,00380,8680,13600,18620,16400
general san martin,00381,7090,11150,16160,46800
general san martin,00382,9220,14170,19430,6400
general san martin,00383,8590,13520,20020,8900
general san martin,00384,7660,12140,17200,17700
general san martin,00388,6930,10480,15340,69700
general san martin,0377A,7100,11130,16250,60000
general villegas,00411,6230,10840,16510,16600
general villegas,00412,13160,15130,19720,100
general villegas,00413,6130,8310,12560,1100
general villegas,00414,6660,9340,14350,300
general villegas,00415,5790,9410,13560,1800
general villegas,00416,6100,10580,14710,2100
general villegas,00417,7850,14370,18070,300
general villegas,00418,6120,11120,17040,1200
general villegas,00419,8370,9790,14880,500
general villegas,00420,5810,14830,17930,600
general villegas,00421,2760,8210,13720,200
hurlingham,00668,8090,13060,19640,60000
hurlingham,0668A,7370,11560,16490,39800
hurlingham,0668B,7310,11600,16470,53100
ituzaingo,00666,7380,11850,17050,55800
ituzaingo,00667,7970,12930,19370,59000
ituzaingo,0666A,7500,12220,19220,29800
jose c. paz,00398,6720,10530,15750,83800
jose c. paz,0398A,6060,9470,13480,75200
jose c. paz,0398B,6690,10410,15280,60300
junin,00444,7170,12280,18020,71800
junin,00445,5580,9200,14720,1900
junin,00446,5770,8850,12180,1400
junin,00447,7150,12370,17740,900
junin,00448,4160,8850,23040,100
junin,00450,6630,10300,15700,1000
junin,00451,8520,11830,21090,1000
junin,00452,6000,9810,12710,400
junin,00454,110700,110700,110700,100
junin,00456,3500,8210,13850,300
la costa,00337,6770,12130,17530,12100
la costa,0337A,6940,11860,17920,6300
la costa,0337B,7630,12700,18660,16300
la costa,0337C,6850,12020,17830,8300
la costa,0337D,6960,11870,17450,9900
la costa,0337E,6960,11810,17820,17400
la matanza,00626,8000,13140,18710,71800
la matanza,00627,6640,12210,18070,17600
la matanza,00628,8620,13850,19690,50500
la matanza,00629,6750,10450,15360,33300
la matanza,00630,8020,13440,19030,35600
la matanza,00631,7200,12170,17370,30100
la matanza,00632,7540,12530,17750,11800
la matanza,00633,7040,11050,15780,69000
la matanza,00634,7280,12140,17600,30200
la matanza,00635,6140,9320,13660,115900
la matanza,0626A,7280,12140,17360,38900
la matanza,0629A,6980,10750,15630,61800
la matanza,0629B,6620,10150,14560,37300
la matanza,0631A,6530,10350,15310,47000
la matanza,0631B,8070,13050,19720,8200
la matanza,0631C,5890,10640,16340,16900
la matanza,0631D,5980,10090,15470,36900
la matanza,0632A,6730,11600,16820,17200
la matanza,0632B,7980,12580,16720,3300
la matanza,0635A,6090,9230,13640,104600
la matanza,0635B,6740,10370,14800,103000
la matanza,0635C,6350,9620,13530,51700
la matanza,0635D,5620,8860,12480,44800
la matanza,0635E,5870,8830,12480,41200
la plata,00460,9160,13700,27280,1900
la plata,00461,10570,12650,23240,1600
la plata,00462,8390,12980,21320,1800
la plata,00463,7880,16400,27400,1000
la plata,00464,8590,15430,24680,2200
la plata,00465,8250,16460,28340,1900
la plata,00466,8940,15620,27010,3100
la plata,00467,5830,14030,19670,2100
la plata,00468,6160,18520,21660,3300
la plata,00469,6840,14360,22970,2200
la plata,00471,6660,12520,19100,1900
la plata,00472,7610,15360,22320,1400
la plata,00473,9320,16070,25840,4400
la plata,00474,7670,15980,25830,5100
la plata,00475,8540,14680,24420,16900
la plata,00476,9220,15650,24900,3000
la plata,00477,8190,14200,20940,7600
la plata,00480,9130,18550,29910,2900
la plata,00481,8070,16020,24870,3200
la plata,00482,7860,14330,21800,2900
la plata,00483,9730,15390,23180,2800
la plata,00484,8920,15410,28360,3500
la plata,00485,9310,16610,27620,2500
la plata,00486,8940,16560,23800,2800
la plata,00487,8010,16100,24380,2400
la plata,00488,7640,13450,21550,3300
la plata,00493,3430,10280,11140,100
la plata,00495,8240,14350,21930,28300
la plata,00496,7460,12720,18860,29300
la plata,00497,7210,12590,18360,15100
la plata,00498,8160,11740,16700,1000
la plata,00501,7220,13000,19930,49300
la plata,00502,6960,12670,19300,44600
la plata,00503,8090,11030,15100,4900
la plata,00504,7570,13390,23240,33100
la plata,00505,7040,12150,18960,16500
la plata,00508,6120,9590,14350,9500
la plata,00509,5790,9640,14590,6900
la plata,00516,7220,13910,26840,2900
la plata,00517,11490,17580,26430,3700
la plata,00518,9630,16320,24570,4200
la plata,00519,8720,15550,24200,6500
la plata,00520,8050,13820,20660,14300
la plata,00521,7770,14920,21610,3900
la plata,0496A,6540,9790,14390,11300
la plata,0496B,6310,9780,15330,10400
la plata,0496C,6580,10860,16500,12600
la plata,0496D,6350,10810,16730,17200
la plata,0497A,3870,7950,12350,500
la plata,0497B,6550,11090,16860,7700
la plata,0497C,5790,9460,14400,10300
la plata,0497D,6650,11130,17290,9800
la plata,0497E,6260,10080,15830,11800
la plata,0497F,6590,10260,14730,3000
la plata,0503A,6170,10040,15290,9500
la plata,0504A,7000,13010,22010,27100
la plata,0505A,6760,10980,17740,9200
la plata,0505B,6940,10000,15540,3800
la plata,0508A,5840,10690,16710,13000
la plata,0508B,6310,8980,13240,6200
la plata,0508C,5550,8860,14310,7600
la plata,0508D,5370,9950,14550,10400
la plata,0508E,6700,10150,16450,8000
la plata,0509A,6210,10400,15410,9100
lanus,00259,8060,13600,18750,9700
lanus,00260,7600,12950,18690,44100
lanus,00261,7220,11430,15950,35000
lanus,00262,6320,9840,14540,59400
lanus,00263,8050,11930,17000,23700
lanus,00264,8770,13530,18950,7700
lanus,00265,7620,11980,17040,25700
lanus,00271,8190,13120,18700,13100
lanus,00272,7940,12590,18180,19700
lanus,00273,6670,10330,15170,57600
lanus,00274,7140,11290,16260,44100
lanus,00275,7890,11990,17340,27000
lanus,00276,8410,13560,19150,30300
las flores,00538,6230,10550,17250,20400
las flores,00539,5040,8820,10980,100
las flores,00540,8650,15360,19310,100
las flores,00541,10910,14210,18780,0
las flores,00542,12720,16840,17430,0
las flores,00543,7100,8260,10040,300
las flores,00544,14270,17770,20890,0
las flores,00545,11700,17220,21470,100
lincoln,00554,6600,11640,17240,26000
lincoln,00555,530,4050,8610,100
lincoln,00556,4700,8060,11170,100
lincoln,00557,9150,12610,18780,100
lincoln,00558,4900,5470,9420,100
lincoln,00559,7150,10510,14430,600
lincoln,00560,4010,9060,22030,100
lincoln,00561,6740,11100,17360,1400
lincoln,00562,5740,9700,14200,2800
lincoln,00563,5700,10150,16470,1700
lincoln,00564,6790,9900,13640,1000
lincoln,00565,5280,9300,13730,200
lincoln,00566,5740,9700,13180,1900
lincoln,00567,100,6580,9700,100
lincoln,0567A,7040,12470,18150,500
lobos,00574,6890,11510,16920,24000
lobos,00575,6100,10040,14790,4100
lobos,00576,6360,8650,14640,400
lobos,00577,5100,9240,13050,600
lobos,00578,6420,10850,14790,900
lobos,00579,7050,11130,16740,500
lobos,00580,6390,6620,12690,200
lobos,00581,5770,8360,12350,400
lobos,0576A,4920,7800,30340,100
lomas de zamora,00583,6160,9240,13420,206800
lomas de zamora,00584,8640,14150,20430,20400
lomas de zamora,00585,8780,14320,20960,10800
lomas de zamora,00586,8570,14030,20810,17100
lomas de zamora,00587,6890,10850,15960,94700
lomas de zamora,00588,8420,13750,20600,11700
lomas de zamora,00589,7480,11870,17530,20900
lomas de zamora,00590,8290,13000,19070,37800
lomas de zamora,00591,8210,13630,20840,15700
lomas de zamora,00592,8050,13570,18890,7300
lomas de zamora,00593,6870,11420,16390,23600
lomas de zamora,0590A,6620,10290,14980,44600
lomas de zamora,0593A,7340,11720,17460,11500
lujan,00596,7700,13600,20130,67000
lujan,00597,5860,10480,18380,300
lujan,00598,7130,11460,18650,4500
lujan,00599,7330,11340,17540,6900
lujan,00600,5510,9070,13520,2500
lujan,00601,6620,12190,17540,800
lujan,00602,7390,11090,17460,4800
lujan,00603,6100,9210,13070,1800
malvinas argentinas,00399,6660,10090,14610,71000
malvinas argentinas,0399A,6600,10450,15260,36000
malvinas argentinas,0399B,6730,10640,16280,29100
malvinas argentinas,0399C,6070,8950,14100,1700
malvinas argentinas,0399D,7260,11300,16530,30000
malvinas argentinas,0399E,7160,10920,15830,20400
malvinas argentinas,0399F,7450,11610,16930,53800
malvinas argentinas,0399G,5830,9080,13350,20400
mar chiquita,00619,6380,10340,16210,7600
mar chiquita,00620,6570,13150,19400,2900
mar chiquita,00621,10780,15310,18590,100
mar chiquita,00622,4980,10380,16890,1800
mar chiquita,0621A,22330,28130,28130,0
mar chiquita,0622A,8080,12260,18200,9200
mar chiquita,0622B,7140,13010,19560,1700
marcos paz,00624,5810,9540,14930,43400
marcos paz,0624A,3830,8080,11440,400
mercedes,00638,7650,13300,19410,25600
mercedes,00639,5730,9420,14790,5600
mercedes,00640,6290,10180,16010,8400
mercedes,00641,8310,12600,17790,2400
mercedes,00642,6760,11970,17270,8200
mercedes,00643,4990,9310,12650,1800
mercedes,00644,7050,10300,18490,900
mercedes,00645,6250,11160,16580,200
mercedes,00646,5840,9240,13280,400
mercedes,00647,8070,11590,15030,200
mercedes,00648,6890,10340,19510,200
merlo,00652,7090,11870,17390,67700
merlo,00653,6440,9920,14400,68000
merlo,00654,5860,9280,12860,31900
merlo,00655,7550,12330,18310,53200
merlo,0652A,6060,9700,14400,139000
merlo,0655A,5940,9120,12970,54400
moreno,00663,7340,12520,18510,49800
moreno,00664,6890,10950,17580,24100
moreno,0663A,6600,10620,16040,50800
moreno,0663B,5940,9150,13410,53600
moreno,0663C,5960,9360,13440,84000
moreno,0663D,5990,9260,13470,32400
moreno,0664A,6150,9670,14720,28100
moreno,0664B,6250,9960,14550,28300
moron,00665,7600,12290,17570,104900
moron,00669,8850,14570,20760,37300
moron,00670,9480,15160,21830,12000
moron,00671,7640,12130,17300,47000
moron,00672,8690,14210,21350,34800
moron,00673,7840,12230,17720,43600
necochea,00686,6630,12360,17990,62800
necochea,00687,6420,9800,14020,2000
necochea,00688,5010,9380,14280,600
necochea,00691,6990,11000,15340,2700
necochea,00692,5460,8620,11620,600
necochea,0686A,5770,10020,16050,14700
necochea,0691A,100,100,100,0
nueve de julio,00696,6830,11700,18010,32600
nueve de julio,00697,9040,10700,14280,200
nueve de julio,00698,8140,10620,14630,700
nueve de julio,00699,8670,11570,14290,800
nueve de julio,00700,6310,9660,12810,600
nueve de julio,00701,5750,9860,14410,500
nueve de julio,00703,7750,11740,18460,1800
nueve de julio,00704,10050,13450,54690,0
nueve de julio,00705,6980,11940,14500,100
nueve de julio,00706,5910,11010,17150,2300
nueve de julio,00707,6190,8210,17160,400
nueve de julio,00708,8880,11930,15510,100
nueve de julio,00709,7560,10500,11880,300
nueve de julio,0701A,15710,16510,17320,0
nueve de julio,0705A,7600,9530,13880,400
olavarria,00711,8800,14460,20830,13700
olavarria,00712,5670,8180,10940,200
olavarria,00713,7000,7000,7000,0
olavarria,00714,7520,11370,17960,1000
olavarria,00715,7100,10990,16490,3500
olavarria,00716,4340,9490,15090,2300
olavarria,00717,6150,10170,14240,3500
olavarria,00718,4310,8270,14080,500
olavarria,00719,7260,11520,16060,3300
olavarria,00720,6540,10000,17960,100
olavarria,00721,1640,4160,13790,0
olavarria,00722,7040,7040,7040,0
olavarria,00723,3080,8210,14900,300
olavarria,00724,13550,15650,17760,0
olavarria,00725,6680,8480,14840,200
olavarria,00726,23640,23640,23640,0
olavarria,0711A,7330,12990,18820,7600
olavarria,0711B,7490,12320,18620,9100
olavarria,0711C,7110,11470,16930,14300
olavarria,0711D,7000,11840,16900,19200
olavarria,0711E,6750,11220,16760,15700
olavarria,0718A,2470,2970,4120,0
olavarria,0719A,10400,12530,16840,0
olavarria,0723A,9720,11260,15040,100
patagones,00729,7290,12210,17970,19400
patagones,00730,6420,12330,15980,100
patagones,00731,5750,10080,14340,2200
patagones,00732,5410,10050,15050,3900
patagones,00733,2440,10490,15960,900
patagones,0731A,6680,9740,17450,600
pehuajo,00734,6910,11600,17010,28600
pehuajo,00735,6570,9200,14070,200
pehuajo,00736,6890,9470,16240,200
pehuajo,00738,6690,11420,15130,1400
pehuajo,00739,6610,9900,13790,2000
pehuajo,00740,2970,10240,18750,300
pehuajo,00741,6690,9990,13600,1700
pehuajo,0734A,2690,6460,12000,100
pehuajo,0738A,3680,6640,7430,0
pergamino,00747,7440,10920,27300,200
pergamino,00748,8210,13380,19260,17300
pergamino,00749,7330,9440,13520,1100
pergamino,00750,10340,15070,18050,0
pergamino,00751,6180,10380,15530,1500
pergamino,00752,4290,11660,14750,200
pergamino,00753,6340,10000,14300,1200
pergamino,00754,8880,11610,18040,500
pergamino,00755,6990,10400,13570,800
pergamino,00756,7690,11200,16170,1000
pergamino,00757,6310,9190,12070,0
pergamino,00758,7840,10310,16120,700
pergamino,00759,8970,12540,16110,800
pergamino,0747A,7010,9820,13340,300
pergamino,0748A,6520,10600,15900,16800
pergamino,0748B,7100,11480,17680,15600
pergamino,0748C,6970,10870,16310,15000
pergamino,0748D,7120,11480,16740,15400
pergamino,0753A,13100,16890,18350,0
pergamino,0754A,3990,8540,13610,900
pilar,00768,6660,10480,15790,77400
pilar,00769,7020,11520,18540,9000
pilar,00770,6240,9950,14760,46400
pilar,00771,6610,10560,16080,69500
pilar,00772,6650,10480,16170,28000
pilar,0770A,7220,11430,20030,10800
pinamar,00339,7400,13160,19550,12700
pinamar,0339A,6690,10930,15910,10800
pinamar,0339B,7020,10900,18050,3500
pinamar,0339C,9290,16230,26280,500
presidente peron,00304,5900,9470,13750,17700
presidente peron,0304A,5830,9440,13500,31000
presidente peron,0304B,5900,9390,14030,13000
presidente peron,0304C,6730,9540,14020,3500
quilmes,00783,9240,15190,23650,20600
quilmes,00784,8120,13400,19260,24400
quilmes,00785,8310,13930,20190,41000
quilmes,00786,6630,10520,16040,21400
quilmes,00787,7950,13690,19870,14800
quilmes,00788,6030,9150,13360,33200
quilmes,00791,7860,13100,18260,20400
quilmes,0783A,5840,9020,13430,13800
quilmes,0785A,7440,12150,17960,21400
quilmes,0785B,6870,11010,16060,44700
quilmes,0786A,6510,10740,16150,15400
quilmes,0787A,8990,14530,20730,30000
quilmes,0788A,6030,9900,14530,53500
quilmes,0788B,6580,10060,14810,28800
quilmes,0788C,5800,9090,13520,32000
quilmes,0791A,5680,10120,15760,28800
quilmes,0791B,6470,10990,16510,31300
ramallo,00797,5330,10110,15680,11800
ramallo,00798,1410,10950,16270,10000
ramallo,00800,6000,8770,13980,1400
ramallo,00801,5630,10040,14810,100
ramallo,00802,4380,8680,12980,0
ramallo,00803,5960,9800,15280,3900
ramallo,00804,4230,7070,11020,600
saladillo,00846,6710,11170,16510,24600
saladillo,00847,6330,8760,12010,400
saladillo,00848,10040,17440,24270,100
saladillo,00849,5860,9930,14010,1200
saladillo,00850,6920,10570,15290,400
saladillo,00851,7890,7990,9700,100
saladillo,00852,6150,9370,13360,200
saladillo,0849A,8130,11210,15360,500
salto,00854,6460,10620,16450,24700
salto,00855,6950,9780,14050,1700
salto,00856,7270,11960,15880,600
salto,00857,5790,10320,14440,1000
salto,00858,6030,8650,12880,200
salto,0855A,11020,11020,18320,100
salto,0857A,7310,8430,9280,0
salto,0857B,6710,8060,9070,100
san fernando,00872,9220,14910,21070,10000
san fernando,00873,7440,13120,20380,3400
san fernando,00874,6680,12080,18840,2400
san fernando,00875,8210,13960,18840,1700
san fernando,00876,6510,10800,18100,2200
san fernando,00877,6960,10810,16150,18500
san fernando,00878,6740,11010,15850,20200
san fernando,00879,7770,12490,17800,17900
san fernando,00880,8580,15270,23990,15800
san fernando,00881,7970,11690,17380,800
san fernando,00882,8430,10720,15130,400
san fernando,0878A,5840,10100,15660,14000
san fernando,0879A,6320,10490,16020,20400
san fernando,0880A,6620,12430,18170,2700
san fernando,0882A,7280,10750,16560,1100
san isidro,00887,9040,15210,24590,16800
san isidro,00888,8760,14810,23840,17700
san isidro,00889,7890,13520,20920,26000
san isidro,00890,10500,16390,25390,3000
san isidro,00891,9010,14720,22720,53000
san isidro,00892,7650,12570,18940,70100
san isidro,00893,6950,12490,19680,39400
san isidro,00894,9410,16820,31370,5900
san isidro,00895,10450,18450,35380,19000
san isidro,0892A,7750,13220,19000,34700
san miguel,00397,8150,12940,18690,54500
san miguel,00400,6470,10760,16590,25100
san miguel,00401,6080,12750,17830,6700
san miguel,00402,6250,9800,14830,25600
san miguel,0397A,7000,11120,16030,22100
san miguel,0397B,6380,9820,14290,35000
san miguel,0397C,6400,10170,14960,32400
san miguel,0401A,8730,14170,21800,33800
san nicolas,00901,8680,13830,20490,36900
san nicolas,00902,6980,13280,19340,7500
san nicolas,00903,6370,10100,14870,6600
san nicolas,00904,6240,10290,15380,20200
san nicolas,00905,4670,8390,12850,9700
san nicolas,00906,6460,11040,16840,2500
san nicolas,00907,5630,10530,14190,1300
san nicolas,00908,5280,7370,12520,1200
san nicolas,00909,6670,9770,12760,500
san nicolas,00910,6510,10890,16210,1900
san nicolas,00911,7270,12380,17860,5000
san nicolas,0901A,5970,10020,15430,11500
san nicolas,0901B,7640,12830,18310,18900
san pedro,00913,6300,10390,16440,40400
san pedro,00914,7460,9480,12810,1600
san pedro,00915,6550,10070,16070,900
san pedro,00916,9440,13930,16930,100
san pedro,00917,5540,8260,12400,2500
san pedro,00918,8320,10450,14570,300
san pedro,00919,7240,13800,18180,100
san pedro,00920,6570,8080,12420,600
san pedro,00921,23900,40830,40830,0
san pedro,00922,6580,10530,15070,2200
san pedro,0922A,16640,16640,16640,0
san vicente,00924,6090,11020,16980,23000
san vicente,00925,5700,10530,15850,29700
san vicente,00926,5330,9350,14950,2300
san vicente,00927,1700,6610,7290,0
tandil,00933,6810,12040,18220,104100
tandil,00934,5210,15870,18940,200
tandil,00935,10300,12980,17150,100
tandil,00936,8750,15500,20440,0
tandil,00937,5690,9460,14130,2000
tandil,00938,9570,12980,17270,200
tandil,00939,9610,11560,17330,100
tandil,00940,6150,10670,17800,700
tigre,00530,6850,10950,16610,66500
tigre,00533,7310,12760,18140,5400
tigre,00534,6900,11260,17840,34500
tigre,00535,6730,10780,16730,44300
tigre,00536,6580,10530,16270,38600
tigre,0534A,7280,11580,17090,58000
tigre,0535A,6480,10440,15440,55900
tigre,0536A,8000,12180,19520,4500
trenque lauquen,00957,6100,11750,18150,32500
trenque lauquen,00958,5920,11120,16700,900
trenque lauquen,00959,11310,11310,11310,0
trenque lauquen,00960,15980,18920,22730,0
trenque lauquen,00961,6390,10270,17440,4800
trenque lauquen,0961A,7860,8120,17570,0
trenque lauquen,0961B,11540,11570,11600,0
trenque lauquen,0961C,16900,22400,27890,0
tres arroyos,00964,6520,11510,17700,44500
tres arroyos,00968,7880,10010,22890,0
tres arroyos,00969,7360,10170,15230,600
tres arroyos,00970,12960,15930,17180,100
tres arroyos,00972,6170,9150,14070,2200
tres arroyos,00973,5520,9840,18840,500
tres arroyos,00974,12000,12000,12000,0
tres arroyos,00975,5820,10200,14850,1100
tres arroyos,00977,14160,17100,20040,0
tres arroyos,0973A,5980,11060,16990,1600
tres arroyos,0975A,10400,10550,10740,100
tres arroyos,0975B,4440,10340,14380,400
tres de febrero,00389,9420,14310,20160,14100
tres de febrero,00390,8460,14480,19530,17500
tres de febrero,00391,8010,13270,18680,82800
tres de febrero,00392,6420,10350,15370,10100
tres de febrero,00393,7530,12770,18190,57600
tres de febrero,00394,7170,11680,16920,51900
tres de febrero,00395,7700,12160,17580,49500
tres de febrero,0394A,9390,15470,23010,14600
veinticinco de mayo,00980,6500,10980,16420,22000
veinticinco de mayo,00981,8400,10810,18380,100
veinticinco de mayo,00982,8590,11060,12340,100
veinticinco de mayo,00983,6610,10250,14920,4400
veinticinco de mayo,00984,7390,10520,15920,1600
veinticinco de mayo,00985,8290,9270,16400,400
veinticinco de mayo,00986,14250,17490,29160,100
veinticinco de mayo,00987,14480,14580,15020,100
veinticinco de mayo,00988,5360,10230,13210,800
veinticinco de mayo,00989,6210,9020,12620,300
veinticinco de mayo,00990,7240,11030,14980,300
veinticinco de mayo,00991,7340,12680,16210,600
vicente lopez,00993,9730,15400,24550,26700
vicente lopez,00994,11310,18560,31690,12700
vicente lopez,00995,9680,15780,25260,21500
vicente lopez,00996,9290,15110,23560,25800
vicente lopez,00997,9870,16140,26430,10900
vicente lopez,00998,9410,15280,22940,16900
vicente lopez,00999,8660,13340,19470,36800
vicente lopez,01000,8790,13850,19810,49800
vicente lopez,01001,8570,14190,20580,44600
villa gesell,00344,6580,11230,17260,29600
villarino,01007,6590,11140,15640,6200
villarino,01008,7010,11500,15520,2000
villarino,01009,6300,7530,10540,200
villarino,01010,5320,8650,14180,4600
villarino,01011,5840,9880,14470,10100
villarino,1011A,6000,9650,14550,2900
zarate,01013,7650,12960,19520,22000
zarate,01014,6150,10020,16000,24700
zarate,01015,7580,12650,18140,6900
zarate,01016,6390,10780,16000,3300
zarate,01017,5240,8580,13660,19300
zarate,01018,7260,11200,16840,8800
zarate,01019,5180,9340,13880,400
zarate,01020,6790,6980,13500,0
zarate,01021,4810,8950,14610,9400
zarate,1013A,13390,16130,24660,200
